Symbol,Name,Sector,Price,PE_Ratio,"Dividend Yield",Earnings/Share,"High 52 Week","Low 52 Week","Market Cap",EBITDA,Price/Sales,Price/Book,PB_PE_Ratio,Price_Level,Market_Cap_Ranking
HD,"Home Depot","Consumer Discretionary",181.22,28.1,1.8610487,6.46,207.605,136.82,223000000000,16513000000,2.8964398,84.08,2.992,Moderate,1
CMCSA,"Comcast Corp.","Consumer Discretionary",38.19,18.54,1.8929017,4.74,44,34.78,186000000000,28675000000,2.1797748,2.65,0.143,Low,2
DIS,"The Walt Disney Company","Consumer Discretionary",101.35,17.78,1.6036655,5.7,116.1,96.2,158000000000,12544000000,3.9635563,3.82,0.215,Low,3
MCD,"McDonald's Corp.","Consumer Discretionary",158.97,23.83,2.437994,6.36,178.7,124.36,132000000000,10515400000,5.770237,146.07,6.13,Moderate,4
NKE,Nike,"Consumer Discretionary",62.49,24.9,1.2189548,2.51,68.83,50.35,107000000000,5162000000,3.0549932,8.91,0.358,High,5
PCLN,"Priceline.com Inc","Consumer Discretionary",1806.06,24.26,0,42.66,2067.99,1589,91817448863,4803487000,9.176564,6.92,0.285,Moderate,6
LOW,"Lowe's Cos.","Consumer Discretionary",95.01,23.87,1.6413131,3.46,108.98,70.76,82909678852,7858000000,1.5653384,14.1,0.591,Moderate,7
SBUX,"Starbucks Corp.","Consumer Discretionary",53.77,25.98,2.203452,1.97,64.87,52.58,76548976000,7361500000,3.4392443,13.36,0.514,Low,8
TWX,"Time Warner Inc.","Consumer Discretionary",93.02,15.35,1.6927768,6.62,103.9,85.88,74185800000,7671000000,2.3735986,2.73,0.178,Low,9
FOX,"Twenty-First Century Fox Class B","Consumer Discretionary",34.09,17.57,1.0084034,1.59,38.56,24.3,66135313503,5280000000,3.1654842,4.04,0.23,Moderate,10
CCL,"Carnival Corp.","Consumer Discretionary",66.76,17.48,2.6041667,3.58,72.7,54.75,49180044050,4711000000,2.8147783,2,0.114,High,11
TJX,"TJX Companies Inc.","Consumer Discretionary",74.36,21.01,1.64042,3.46,81.46,66.44,48181450881,4600216000,1.9293598,10.35,0.493,High,12
FOXA,"Twenty-First Century Fox Class A","Consumer Discretionary",34.56,17.81,0.9983361,1.59,39.135,24.81,44027094922,5280000000,2.1080317,4.11,0.231,Moderate,13
VFC,"V.F. Corp.","Consumer Discretionary",78.75,25.9,2.2865665,2.55,82.95,48.05,31797645904,1624441000,3.7110944,7.89,0.305,High,14
ROST,"Ross Stores","Consumer Discretionary",75.06,26.52,0.82061803,2.83,85.66,52.85,29803566306,2247009000,2.9734495,10.28,0.388,Moderate,15
RCL,"Royal Caribbean Cruises Ltd","Consumer Discretionary",122.45,16.26,1.8674136,7.53,135.65,93.4,27418147452,2876309000,3.1026611,2.56,0.157,High,16
YUM,"Yum! Brands Inc","Consumer Discretionary",76.3,27.25,1.7970798,4.07,86.93,62.85,27003303098,2289000000,6.3136363,212.08,7.783,Moderate,17
DG,"Dollar General","Consumer Discretionary",95.1,21.18,1.0625255,4.43,105.82,65.97,26580644874,2457604000,1.5283886,4.53,0.214,Moderate,18
DLTR,"Dollar Tree","Consumer Discretionary",101.58,26.66,0,3.77,116.65,65.63,25151198417,2430300000,1.6097589,4.08,0.153,Moderate,19
SWK,"Stanley Black & Decker","Consumer Discretionary",152.86,20.57,1.5775635,8.05,176.62,121.09,24496399600,2264600000,1.944325,3.34,0.162,Moderate,20
ORLY,"O'Reilly Automotive","Consumer Discretionary",252.22,21.91,0,10.73,279.23,169.43,21433781860,1965187000,3.1934319,34.12,1.557,High,21
DISH,"Dish Network","Consumer Discretionary",43.77,16.09,0,3.06,66.5,42.48,21032719056,2754331000,1.8521843,3.76,0.234,Low,22
BBY,"Best Buy Co. Inc.","Consumer Discretionary",68.79,19.22,1.9085041,3.81,78.59,41.67,20831186176,2555000000,0.76715523,4.79,0.249,Moderate,23
AZO,"AutoZone Inc","Consumer Discretionary",718.57,16.31,0,44.09,797.89,491.13,19922021415,2347304000,1.8510429,136.23,8.353,High,24
MHK,"Mohawk Industries","Consumer Discretionary",256.57,19.08,0,12.48,286.85,209.9,19897356456,1750393000,2.7977824,2.88,0.151,Moderate,25
MGM,"MGM Resorts International","Consumer Discretionary",33.5,29.65,1.2687428,1.92,38.41,25.15,19633674337,2680385000,2.2276719,3.09,0.104,Moderate,26
DHI,"D. R. Horton","Consumer Discretionary",44.55,16.32,1.0801469,2.73,53.32,29.3716,17390873686,1691000000,1.1931022,2.17,0.133,Moderate,27
OMC,"Omnicom Group","Consumer Discretionary",75.91,15.27,3.1838684,4.79,86.71,65.32,17377551986,2366000000,1.5327156,6.66,0.436,Moderate,28
LEN,"Lennar Corp.","Consumer Discretionary",59.11,15.35,0.26268265,3.38,72.17,43.647053,14615967194,1405319000,1.1468264,1.76,0.115,Moderate,29
GPC,"Genuine Parts","Consumer Discretionary",96.31,21.17,2.7198548,4.6,107.75,79.86,14554321748,1201517000,1.212236,4.33,0.205,Moderate,30
NCLH,"Norwegian Cruise Line","Consumer Discretionary",56.01,15.35,0,2.78,61.48,46.96,13191507318,1529401000,3.2066104,2.35,0.153,High,31
TIF,"Tiffany & Co.","Consumer Discretionary",99.62,27,1.9402406,3.55,111.44,77.93,12810515320,949500000,4.516748,3.97,0.147,Moderate,32
HAS,"Hasbro Inc.","Consumer Discretionary",96.48,20.57,2.2304833,4.34,116.2,87.92,12732072001,1028425000,3.2375681,5.82,0.283,Low,33
GPS,"Gap Inc.","Consumer Discretionary",31.17,15.35,2.8203557,1.69,35.68,21.02,12684517721,1959000000,1.1289738,3.93,0.256,Moderate,34
LKQ,"LKQ Corporation","Consumer Discretionary",38.86,21.35,0,1.5,43.8599,27.85,12469931896,1065614000,1.723609,3.02,0.141,Moderate,35
WYN,"Wyndham Worldwide","Consumer Discretionary",113.56,18.77,1.9541779,5.53,127.96,80.11,11993835688,1232000000,2.7332082,18.91,1.007,Moderate,36
GRMN,"Garmin Ltd.","Consumer Discretionary",61.13,21.23,3.2339885,2.69,64.96,48.5,11840331607,736798000,5.319881,3.14,0.148,High,37
KMX,"Carmax Inc","Consumer Discretionary",64.34,19.44,0,3.97,77.64,54.29,11827453706,1339628000,0.6913859,3.55,0.183,Moderate,38
DRI,"Darden Restaurants","Consumer Discretionary",91.33,22.72,2.6503997,3.81,100.11,71.7,11745595320,997600000,1.5278828,5.89,0.259,High,39
PVH,"PVH Corp.","Consumer Discretionary",142.68,20.98,0.100529455,6.77,157.96,84.53,11478625926,1057500000,1.7617522,2.14,0.102,High,40
SNI,"Scripps Networks Interactive Inc.","Consumer Discretionary",86.46,16.04,1.3761468,5.18,88.87,64.87,11328642413,1351059000,4.374079,4.22,0.263,High,41
KSS,"Kohl's Corp.","Consumer Discretionary",60.34,16.01,3.4965036,3.12,69.14,35.16,10570861198,2286000000,0.8557757,2.04,0.127,Moderate,42
SNA,"Snap-On Inc.","Consumer Discretionary",156.72,15.81,1.968433,9.2,185.47,140.83,9499107736,982200000,3.5114813,3.21,0.203,Moderate,43
RL,"Polo Ralph Lauren Corp.","Consumer Discretionary",101.32,17.74,1.8570102,-1.19,119.33,66.06,8753430477,506100000,1.3948758,2.44,0.138,Moderate,44
TSCO,"Tractor Supply Company","Consumer Discretionary",65.94,19.57,1.6030874,3.3,82.68,49.87,8459271203,859519000,1.1642125,6.01,0.307,Moderate,45
IPG,"Interpublic Group","Consumer Discretionary",21.34,15.46,3.3802817,1.49,25.71,18.3,8277363031,1074900000,1.4712903,4.01,0.259,Moderate,46
JWN,Nordstrom,"Consumer Discretionary",47.23,15.04,3.0020285,2.02,53,37.7924,8212509855,1448000000,0.74603415,9.1,0.605,Moderate,47
AAP,"Advance Auto Parts","Consumer Discretionary",109.63,19.54,0.21832074,6.19,169.55,78.81,8123611867,853941000,1.1301061,2.51,0.128,Moderate,48
LEG,"Leggett & Platt","Consumer Discretionary",43.99,17.88,3.1454785,2.76,54.97,42,6034600480,447000000,2.0302901,4.89,0.273,Low,49
UA,"Under Armour Class C","Consumer Discretionary",11.95,29.15,0,0.45,21.805,10.36,5366628950,399277000,1.4738787,2.5,0.086,Moderate,50
WMT,"Wal-Mart Stores","Consumer Staples",100.02,23.1,1.983471,4.39,109.98,66.89,305000000000,30721000000,0.82099426,3.89,0.168,High,1
PG,"Procter & Gamble","Consumer Staples",80.22,20.46,3.3704789,5.6,94.67,80.1,206000000000,17249000000,3.1595004,3.85,0.188,Low,2
KO,"Coca-Cola Company (The)","Consumer Staples",43.1,22.8,3.3213644,1.49,48.615,40.22,190000000000,8589000000,6.822138,8.65,0.379,Low,3
PM,"Philip Morris International","Consumer Staples",100.39,22.36,4.328479,4.48,123.55,96.66,154000000000,11802000000,2.7574685,1318.7,58.976,Low,4
MO,"Altria Group Inc","Consumer Staples",64.05,18.89,3.9526875,5.31,77.79,60.01,127000000000,10773000000,4.945682,10.32,0.546,Low,5
KHC,"Kraft Heinz Co","Consumer Staples",71.58,20.11,3.3990483,2.81,97.77,72.05,89618309338,7832000000,4.6780853,1.54,0.077,Low,6
MDLZ,"Mondelez International","Consumer Staples",42.68,19.85,1.9977299,1.91,47.23,39.19,65827817742,4355000000,2.5708609,2.52,0.127,High,7
CL,Colgate-Palmolive,"Consumer Staples",68.95,24.02,2.2801766,2.28,77.91,66.26,61616643498,4064000000,4.000737,236.42,9.843,Low,8
KMB,Kimberly-Clark,"Consumer Staples",111.69,17.93,3.5599859,6.41,136.21,109.67,39449596000,4033000000,2.1947837,151.66,8.458,Low,9
GIS,"General Mills","Consumer Staples",53.99,17.53,3.5864594,2.77,63.73,49.65,31098243069,3107600000,2.0389178,7.26,0.414,Low,10
SYY,"Sysco Corp.","Consumer Staples",57,22.98,2.4644873,2.08,64.27,48.85,30445320778,2988725000,0.7295535,13.4,0.583,Moderate,11
ADM,"Archer-Daniels-Midland Co","Consumer Staples",41.35,17.45,3.1761081,2.17,47.44,38.59,23594770663,2927000000,0.52478915,1.29,0.074,Low,12
K,"Kellogg Co.","Consumer Staples",65.98,16.5,3.363962,1.95,76.69,58.76,22182794875,1827000000,2.3173764,11.5,0.697,Moderate,13
DPS,"Dr Pepper Snapple Group","Consumer Staples",116.93,26.57,1.9661016,4.54,126.65,83.23,21209783858,1507000000,4.2149186,9.99,0.376,High,14
HSY,"The Hershey Company","Consumer Staples",97.65,20.51,2.6494346,3.66,116.49,98.851,20867272020,1404123000,2.8396711,25.64,1.25,Low,15
HRL,"Hormel Foods Corp.","Consumer Staples",32.21,20.39,2.2907758,1.57,38,29.75,17338613096,1422305000,2.5174792,3.49,0.171,Low,16
CLX,"The Clorox Company","Consumer Staples",127.76,23.44,2.6286967,5.33,150.4,124.09,16540418002,1295000000,2.798683,21.62,0.922,Low,17
CAG,"Conagra Brands","Consumer Staples",35.49,18.2,2.3683476,1.46,41.68,32.16,14379717835,1281200000,1.8294994,3.86,0.212,Moderate,18
SJM,"JM Smucker","Consumer Staples",118.37,15.35,2.6036885,5.1,143.68,99.565,13612394896,1411300000,2.496677,1.88,0.122,Moderate,19
MKC,"McCormick & Co.","Consumer Staples",101.36,23.91,2.0261056,3.73,109.67,90.25,13459353253,815700000,2.7788277,5.2,0.217,High,20
COTY,"Coty, Inc","Consumer Staples",19.96,24.64,2.860412,-0.63,21.175,14.24,13101112504,211400000,2.0061796,1.37,0.056,High,21
TAP,"Molson Coors Brewing Company","Consumer Staples",74.51,17.66,2.1533613,9.27,102.14,75.79,12396862128,4708400000,1.2371694,1.34,0.076,Low,22
CHD,"Church & Dwight","Consumer Staples",47.38,24.42,1.8366054,2.92,54.1799,43.21,11838963451,868000000,3.1682448,6.28,0.257,Low,23
XOM,"Exxon Mobil Corp.",Energy,76.07,21.37,4.0031195,1.88,89.3,76.05,326000000000,39052000000,1.7701944,1.85,0.087,Low,1
CVX,"Chevron Corp.",Energy,112.3,27.52,3.885853,4.85,133.88,102.55,219000000000,28877000000,1.6489863,1.71,0.062,Low,2
PSX,"Phillips 66",Energy,92.44,21.11,2.928564,9.93,107.47,75.135,47996220000,5311000000,0.47499472,2.12,0.1,Moderate,3
VLO,"Valero Energy",Energy,86.77,18.74,3.5618877,9.24,99.95,60.69,39312309113,5401000000,0.4211918,1.93,0.103,Moderate,4
KMI,"Kinder Morgan",Energy,16.8,25.07,2.891845,0.01,22.75,16.56,38612712234,5981000000,2.823936,1.07,0.043,Low,5
MPC,"Marathon Petroleum",Energy,62.79,16.06,2.8268552,6.85,73.53,47.39,31633740000,5978000000,0.42713487,2.43,0.151,Moderate,6
DVN,"Devon Energy Corp.",Energy,34.94,23.93,0.6528836,-6.89,47.25,28.7947,19317380000,3723000000,2.0660408,2.85,0.119,Moderate,7
ANDV,Andeavor,Energy,96.9,18.78,2.3454583,6.13,121.71,75.11,15696449735,2548000000,0.6618165,1.7,0.091,Moderate,8
FTI,TechnipFMC,Energy,29.1,18.77,1.7060367,0,35,24.53,14163064455,540167833.4,1.561575,1.06,0.056,Moderate,9
XEC,"Cimarex Energy",Energy,100.19,26.37,0.30214334,-4.64,136.31,89.49,10089082025,1061056000,7.556446,4.28,0.162,Moderate,10
BLK,BlackRock,Financials,509.38,22.49,2.1643558,30.3,594.52,368,85907759858,5684000000,6.9158196,2.95,0.131,Moderate,1
SPGI,"S&P Global, Inc.",Financials,173.31,27.38,1.0947506,7.95,185.38,124.64,46585950000,3021000000,10.254704,50.56,1.847,High,2
MMC,"Marsh & McLennan",Financials,79.31,20.23,1.8257059,2.87,86.54,69.33,41819440000,3236000000,2.9848945,5.85,0.289,High,3
ICE,"Intercontinental Exchange",Financials,67,22.95,5.4298644,2.37,76.1378,56.8,41373051167,3103000000,9.619987,2.62,0.114,Moderate,4
AON,"Aon plc",Financials,136.05,20.8,1.0245464,4.66,152.78,113.2201,35123123422,1858000000,3.4972682,6.78,0.326,Moderate,5
MCO,"Moody's Corp",Financials,152.14,26.55,1.114065,1.35,167.23,106.48,30189978000,1238000000,9.932974,73.84,2.781,High,6
TROW,"T. Rowe Price Group",Financials,101.99,19.92,2.140443,4.75,120.07,66.7,25810865035,2281400000,7.3911157,4.61,0.231,Moderate,7
WLTW,"Willis Towers Watson",Financials,152.36,18.67,1.347058,3.07,165,120.869,20780269334,1440000000,3.4484663,2.1,0.112,High,8
NDAQ,"Nasdaq, Inc.",Financials,75.21,17.78,1.9671283,4.32,83.29,65.98,12844304115,1212000000,3.2591083,2.25,0.127,High,9
AJG,"Arthur J. Gallagher & Co.",Financials,64.4,21.05,2.4807138,2.54,70.55,53.63,11968488290,888000000,1.9400215,2.92,0.139,High,10
LUK,"Leucadia National Corp.",Financials,23.86,15.39,1.5993602,0.33,28.3,22.23,8910389431,2201336000,1.0410156,0.84,0.055,Low,11
JNJ,"Johnson & Johnson","Health Care",126.36,17.31,2.5566885,0.39,148.32,113.15,353000000000,22430000000,4.6326222,4.74,0.274,Moderate,1
UNH,"United Health Group Inc.","Health Care",216.46,21.47,1.3284917,10.71,250.79,156.49,219000000000,17454000000,1.0903316,4.71,0.219,Moderate,2
ABBV,"AbbVie Inc.","Health Care",108.48,19.41,2.4995599,3.29,125.86,60.05,181000000000,10310000000,6.291571,26.14,1.347,Moderate,3
MDT,"Medtronic plc","Health Care",78.38,17.04,2.2618315,2.89,89.72,75.44,110000000000,9204000000,4.944542,2.14,0.126,Low,4
BMY,"Bristol-Myers Squibb","Health Care",62.69,20.83,2.5546863,2.65,66.1,51.12,103000000000,5170000000,6.503231,6.75,0.324,High,5
ABT,"Abbott Laboratories","Health Care",56.27,22.51,1.9089824,0.26,64.6,42.28,102000000000,5744000000,3.7404804,3.19,0.142,Moderate,6
LLY,"Lilly (Eli) & Co.","Health Care",74.21,17.34,2.9327424,-0.2,89.09,75.71,84475986228,3459800000,3.754678,5.73,0.33,Low,7
TMO,"Thermo Fisher Scientific","Health Care",198.73,21.84,0.3276319,5.6,226.44,151.69,83226586345,4751300000,4.015666,3.38,0.155,Moderate,8
DHR,"Danaher Corp.","Health Care",92.16,22.87,0.5879265,3.53,104.82,78.97,66351150000,4339800000,3.688278,2.65,0.116,Moderate,9
AET,"Aetna Inc","Health Care",178,18.11,1.101989,5.75,194.4,119.51,59197016353,4139000000,0.9923546,3.79,0.209,High,10
SYK,"Stryker Corp.","Health Care",148.01,23.46,1.2234008,2.68,170,122.01,57509096756,2863000000,4.635566,5.54,0.236,Moderate,11
BDX,"Becton Dickinson","Health Care",211.44,22.28,1.3518385,4.65,248.3888,175.66,50910180308,1537000000,5.6912947,3.98,0.179,Moderate,12
BSX,"Boston Scientific","Health Care",25.2,20,0,0.07,29.93,23.29,36142506007,1726000000,4.055685,4.78,0.239,Low,13
REGN,Regeneron,"Health Care",322.62,27.93,0,7.74,543.5518,319.5,35950369241,2043160000,8.48541,5.89,0.211,Low,14
BAX,"Baxter International Inc.","Health Care",62.56,25.12,0.97635394,1.29,72.58,48.15,35713732553,1832000000,3.4394414,3.77,0.15,Moderate,15
ALXN,"Alexion Pharmaceuticals","Health Care",108.47,22.18,0,1.77,149.34,96.18,26172439795,1072000000,9.720562,2.82,0.127,Moderate,16
A,"Agilent Technologies Inc","Health Care",65.05,27.45,0.8756979,2.1,75,49.23,21984606918,1094000000,6.493563,4.56,0.166,Moderate,17
CERN,Cerner,"Health Care",61.22,27.09,0,1.84,73.86,51.2617,21101697598,1523440000,5.5560412,4.62,0.171,Moderate,18
ABC,"AmerisourceBergen Corp","Health Care",91.55,15.54,1.6132456,1.64,106.27,71.9,20587704101,991884000,0.17396984,9.73,0.626,Moderate,19
IQV,"IQVIA Holdings Inc.","Health Care",95.23,21.74,0,0.76,110.67,75.94,20426488713,1542000000,2.8477087,2.77,0.127,Moderate,20
CNC,"Centene Corporation","Health Care",100.36,19.12,0,3.23,112.42,65.03,18012494506,2063000000,0.5028663,2.58,0.135,Moderate,21
LH,"Laboratory Corp. of America Holding","Health Care",165.46,17.79,0,7.02,181.715,130.292,17271388000,1861200000,2.2459624,2.71,0.152,High,22
WAT,"Waters Corporation","Health Care",191.79,26.64,0,0.19,220.2,145.94,16064078572,773932000,6.9824114,6.15,0.231,Moderate,23
DVA,"DaVita Inc.","Health Care",71.91,20.55,0,4.3,80.71,52.51,13685178000,2252294000,1.1451397,2.79,0.136,Moderate,24
DGX,"Quest Diagnostics","Health Care",96.42,17.07,1.9884669,5.5,112.965,90.1,13578300000,1453000000,1.7709883,2.82,0.165,Low,25
HSIC,"Henry Schein","Health Care",70.85,19.85,0,3.1,93.495,65.28,11452961984,1033985000,1.262194,3.74,0.188,Low,26
COO,"The Cooper Companies","Health Care",223.17,22.96,0.026033757,7.52,256.39,187.02,11297958140,615700000,6.8538465,3.57,0.155,Moderate,27
HOLX,Hologic,"Health Care",38.8,19.21,0,2.64,46.8,35.76,11181493750,1561000000,4.80335,4,0.208,Low,28
UHS,"Universal Health Services, Inc.","Health Care",114.87,15.36,0.34153005,7.14,129.74,95.26,11116075286,1676204000,1.3158662,2.21,0.144,Moderate,29
VAR,"Varian Medical Systems","Health Care",112.82,29.93,0,2.69,130.29,77.73,10692681720,500600000,3.9652252,7.32,0.245,Moderate,30
PKI,PerkinElmer,"Health Care",72.06,24.68,0.3695394,2.64,84.49,52.63,8351767268,445658000,3.7116463,3.25,0.132,Moderate,31
BA,"Boeing Company",Industrials,329.66,27.29,1.9648397,13.47,361.45,163.69,206000000000,12476000000,2.1560605,182.86,6.701,High,1
MMM,"3M Company",Industrials,222.89,24.31,2.3328617,7.92,259.77,175.49,139000000000,9048000000,4.3902707,11.34,0.466,Moderate,2
HON,"Honeywell Int'l Inc.",Industrials,146.02,20.68,1.9710299,2.08,165.13,119.31,114000000000,8333000000,2.8267899,5.71,0.276,Moderate,3
UTX,"United Technologies",Industrials,127.48,19.26,2.1216943,5.7,139.24,107.05,105000000000,10584000000,1.7324123,3.4,0.177,High,4
LMT,"Lockheed Martin Corp.",Industrials,334.3,24.28,2.315954,6.83,361.79,256.4,98102120000,7115000000,1.8781451,45.55,1.876,High,5
UPS,"United Parcel Service",Industrials,109.28,18.27,2.9666696,5.62,135.53,102.12,96436356833,7919000000,1.4744618,64.7,3.541,Low,6
CAT,"Caterpillar Inc.",Industrials,145.99,21.22,2.0215108,1.26,173.24,90.34,91822049046,8136000000,2.0468428,5.75,0.271,Moderate,7
FDX,"FedEx Corporation",Industrials,239.27,19.45,0.7963368,11.07,274.66,182.89,67280478816,8062000000,1.0751684,3.9,0.201,Moderate,8
GD,"General Dynamics",Industrials,206.05,20.71,1.5631542,9.55,229.54,181.94,64180390701,4618000000,2.0481362,5.45,0.263,Moderate,9
RTN,"Raytheon Co.",Industrials,198.74,25.78,1.5612764,6.95,213.45,147.86,59066255840,3868000000,2.2938328,5.28,0.205,High,10
NOC,"Northrop Grumman Corp.",Industrials,324.01,24.4,1.3030859,11.47,349.18,231.98,58782413951,3884000000,2.209576,7.96,0.326,High,11
ITW,"Illinois Tool Works",Industrials,156.15,23.62,1.9089574,4.86,179.07,126.52,55994378108,3924000000,3.9286149,10.99,0.465,Moderate,12
DE,"Deere & Co.",Industrials,153.66,23.14,1.4866204,6.64,171.96,106.72,52186628646,4053300000,2.3746448,5.31,0.229,Moderate,13
CSX,"CSX Corp.",Industrials,50.47,21.94,1.5102888,6.07,60.04,45.41,47340511707,5003000000,4.216355,4.27,0.195,Moderate,14
EMR,"Emerson Electric Company",Industrials,66.4,25.74,2.813225,2.35,74.45,56.77,44040298425,2542000000,3.6707752,5.01,0.195,Moderate,15
NSC,"Norfolk Southern Corp.",Industrials,136.89,20.65,2.018503,18.73,157.1499,109.27,40543547441,4737000000,3.8525908,3.09,0.15,Moderate,16
ETN,"Eaton Corporation",Industrials,79.41,17.08,2.9404557,6.68,89.85,69.45,35961772000,4253000000,1.8161736,2.17,0.127,Moderate,17
WM,"Waste Management Inc.",Industrials,79.12,25.36,2.0800195,2.66,89.73,69.55,35488486675,3896000000,3.2787669,6.73,0.265,Moderate,18
LUV,"Southwest Airlines",Industrials,55.63,15.89,0.863707,5.82,66.985,49.76,34351211637,4533000000,1.6294897,3.84,0.242,Moderate,19
CMI,"Cummins Inc.",Industrials,165.73,16.83,2.5008683,8.23,194.18,143.8301,28669230787,2924000000,1.9406168,3.89,0.231,Moderate,20
ROP,"Roper Technologies",Industrials,259.4,27.57,0.61985797,9.38,290.415,191.22,27247789759,1555209000,5.9715905,4.23,0.153,Moderate,21
FTV,"Fortive Corp",Industrials,69.14,25.05,0.39057052,2.46,76.68,54.8844,24916503061,1508300000,5.1682673,7.17,0.286,High,22
PH,Parker-Hannifin,Industrials,174.51,21.6,1.4401833,7.24,212.8,145.38,24421668509,2092089000,1.8652664,4.39,0.203,Moderate,23
PCAR,"PACCAR Inc.",Industrials,66.98,15.72,1.455816,4.75,79.69,61.93,24152102921,3619200000,1.28693,3.07,0.195,Low,24
ROK,"Rockwell Automation Inc.",Industrials,178.73,26.48,1.7692552,6.35,210.72,147.67,24123216432,1323200000,3.760594,10.94,0.413,Moderate,25
IR,"Ingersoll-Rand PLC",Industrials,87.6,19.38,1.9739007,5.07,97.67,77.26,22785450609,1987100000,1.6147361,3.34,0.172,Moderate,26
COL,"Rockwell Collins",Industrials,133.31,22.29,0.9748892,4.8,139.63,89.9,22197870556,1696000000,3.781273,3.46,0.155,High,27
RSG,"Republic Services Inc",Industrials,62.72,26.13,2.1362228,1.77,69.4,57.53,21590903863,2734000000,2.8841186,2.83,0.108,High,28
INFO,"IHS Markit Ltd.",Industrials,43.73,26.19,0,1,49.19,37.82,17969275816,1018900000,5.0604,2.24,0.086,Moderate,29
AME,"AMETEK Inc",Industrials,72.05,27.61,0.75512403,2.94,78.51,51.31,17139651923,1025763000,4.015368,4.54,0.164,High,30
LLL,"L-3 Communications Holdings",Industrials,198.79,23.14,1.4444605,8.51,218.705,159.43,16229343134,1137000000,1.4884604,3.12,0.135,High,31
VRSK,"Verisk Analytics",Industrials,92.28,28.84,0,3.45,100.54,75.6,15594677147,1011200000,9.935474,9.34,0.324,High,32
DOV,"Dover Corp.",Industrials,96.2,23.87,1.8815053,5.15,109.06,75.51,15566645713,1513291000,1.986176,3.59,0.15,Moderate,33
FAST,"Fastenal Co",Industrials,52.15,27.02,2.7798648,2.01,57.815,39.79,15311373377,1009600000,3.472977,7.39,0.274,High,34
TXT,"Textron Inc.",Industrials,55.54,22.13,0.1381454,1.14,62.19,45,15254672353,1454000000,1.0645695,2.57,0.116,Moderate,35
URI,"United Rentals, Inc.",Industrials,161.99,16.33,0,15.72,189,100.621,14654954091,2760000000,2.1782618,4.53,0.277,Moderate,36
GWW,"Grainger (W.W.) Inc.",Industrials,258.6,22.57,1.9700643,10.02,298.145,155,14639308205,1279846000,1.3995146,8.1,0.359,Moderate,37
EFX,"Equifax Inc.",Industrials,114,19.03,1.3265306,4.04,147.02,90.72,14121334618,1141200000,5.6338058,4.59,0.241,Moderate,38
MAS,"Masco Corp.",Industrials,40.7,22.12,0.98383695,1.47,46.445,31.29,13428792315,1179000000,2.308266,11.93,0.539,Moderate,39
NLSN,"Nielsen Holdings",Industrials,33.9,18.73,3.6208732,1.39,45.73,34.22,13377670080,1836000000,2.7288198,3.02,0.161,Low,40
CHRW,"C. H. Robinson Worldwide",Industrials,90.47,26,1.987685,3.57,100.18,63.41,12932483889,868096000,0.85282737,9.31,0.358,High,41
PNR,"Pentair Ltd.",Industrials,66.67,18.89,2.03933,3.63,74.84,57.63,12466660892,863700000,2.5191512,2.48,0.131,Moderate,42
EXPD,"Expeditors International",Industrials,60.36,25.26,1.3520038,2.36,67.54,51.96,11040678071,721643000,2.190319,5.55,0.22,Moderate,43
KSU,"Kansas City Southern",Industrials,103.53,19.8,1.3445379,9.16,114.85,81.54,11037040988,1295400000,4.281897,2.39,0.121,High,44
AOS,"A.O. Smith Corp",Industrials,60.24,27.76,1.1479592,1.7,68.39,48.925,10783419933,601000000,3.5754826,6.35,0.229,Moderate,45
HII,"Huntington Ingalls Industries",Industrials,225.37,18.75,1.2264713,12.15,253.44,183.42,10628247899,1107000000,1.8924941,6.04,0.322,Moderate,46
FBHS,"Fortune Brands Home & Security",Industrials,62.44,20.27,1.2618296,3.04,73.62,55.25,9624169008,814500000,1.8434572,3.76,0.185,Moderate,47
JEC,"Jacobs Engineering Group",Industrials,62.82,19.45,0.9089532,2.43,72.18,49.31,9326484316,409832000,1.2129636,2.01,0.103,Moderate,48
FLR,"Fluor Corp.",Industrials,55.31,19.9,1.4726508,1.99,62.09,37.0351,7978485059,709756000,0.5516402,2.4,0.121,Moderate,49
ALLE,Allegion,Industrials,77.32,21.07,0.8004002,2.37,89.81,66.72,7599609494,531800000,4.265232,20.48,0.972,Moderate,50
RHI,"Robert Half International",Industrials,52.26,20.18,1.7075773,2.32,60.59,42.92,7047165475,565196000,1.3330402,5.98,0.296,Moderate,51
AYI,"Acuity Brands Inc",Industrials,145.41,18.22,0.35118526,7.43,225.36,142,6242377704,587800000,1.7953473,3.55,0.195,Low,52
SRCL,"Stericycle Inc",Industrials,70.55,16.26,0,2.08,88,61.25,6218560288,305085000,2.2607324,2.15,0.132,Moderate,53
FLS,"Flowserve Corporation",Industrials,40.82,26.17,1.8291216,1.12,51.92,37.51,5427884956,463066000,2.0803037,3.15,0.12,Low,54
PWR,"Quanta Services Inc.",Industrials,33.51,17.54,0,1.28,40.105,30.23,5330131216,649404000,0.77893436,1.43,0.082,Moderate,55
AAPL,"Apple Inc.","Information Technology",155.15,16.86,1.5795412,9.2,180.1,131.12,810000000000,79386000000,3.4586093,5.66,0.336,Moderate,1
MSFT,"Microsoft Corp.","Information Technology",85.01,25.76,1.8747908,2.97,96.07,63.22,690000000000,41079000000,7.1130967,9.49,0.368,Moderate,2
FB,"Facebook, Inc.","Information Technology",171.58,27.9,0,5.39,195.32,132.44,523000000000,23624000000,13.241967,7.08,0.254,Moderate,3
ORCL,"Oracle Corp.","Information Technology",46.84,18.81,1.5551463,2.2,53.14,40.01,202000000000,16545000000,5.2561646,3.56,0.189,Moderate,4
CSCO,"Cisco Systems","Information Technology",38.77,17.87,2.8755577,1.91,42.98,30.36,199000000000,15447000000,5.484418,3.07,0.172,High,5
TXN,"Texas Instruments","Information Technology",97.66,24.05,2.4318495,3.6,120.75,74.52,100000000000,7013000000,6.9572234,9.32,0.388,Moderate,6
ACN,"Accenture plc","Information Technology",150.51,25.47,1.7144699,5.44,162.6,114.82,98765855553,5643228000,2.604117,10.62,0.417,High,7
QCOM,"QUALCOMM Inc.","Information Technology",62.42,16.51,3.5055351,1.65,69.28,48.92,96282828902,4191000000,4.263658,3.82,0.231,High,8
AVGO,Broadcom,"Information Technology",229.57,15.94,2.9488583,4.01,285.68,202.61,92791974933,7016000000,6.961893,4.4,0.276,Moderate,9
ADP,"Automatic Data Processing","Information Technology",108.25,29.34,2.2190912,3.85,125.24,95.5,50337702249,2767400000,4.0483294,12.86,0.438,Moderate,10
CTSH,"Cognizant Technology Solutions","Information Technology",75.16,22.44,1.0454783,2.54,79.28,54.76,45119684067,2946000000,3.9678397,3.94,0.176,High,11
EBAY,"eBay Inc.","Information Technology",41.02,24.86,0,-1.07,46.99,31.89,44216696399,2941000000,4.6720185,3.8,0.153,Moderate,12
TEL,"TE Connectivity Ltd.","Information Technology",95.27,19.72,1.6062645,4.71,108.23,71.93,34983666316,2797000000,2.5734365,3.6,0.183,Moderate,13
FIS,"Fidelity National Information Services","Information Technology",92.74,22.08,1.322724,1.72,103.65,77.63,32308459680,2782000000,4.7038417,3.25,0.147,Moderate,14
ADI,"Analog Devices, Inc.","Information Technology",82.68,17.67,2.108963,2.11,98.38,74.65,31811578855,1663384000,8.00391,3.13,0.177,Moderate,15
LRCX,"Lam Research","Information Technology",162.23,16.29,1.1652974,9.22,219.7,113.1982,27967534829,2967218000,3.0405293,4.52,0.277,Moderate,16
APH,"Amphenol Corp","Information Technology",84.44,25.9,0.8608971,2.05,93.62,67.26,26955335395,1671700000,3.85675,6.64,0.256,High,17
FISV,"Fiserv Inc","Information Technology",133.05,27.32,0,4.14,144.2,106.2,26918949723,1911000000,6.518713,11.54,0.422,High,18
GLW,"Corning Inc.","Information Technology",28.45,16.45,2.0791416,-0.78,35.1,26.31,25759280346,2970000000,2.544682,1.71,0.104,Low,19
PAYX,"Paychex Inc.","Information Technology",61.86,27.49,3.0892801,2.26,73.1,54.2,23253666810,1414900000,7.248487,11.77,0.428,Moderate,20
MCHP,"Microchip Technology","Information Technology",79.9,21.77,1.7512966,0.66,99.17,69.76,19393095636,997492000,7.4475183,5.9,0.271,Moderate,21
SWKS,"Skyworks Solutions","Information Technology",99.04,16.45,1.2629502,5.41,117.65,90.53,18493080922,1122900000,6.9704437,4.25,0.258,Low,22
HRS,"Harris Corporation","Information Technology",149.84,26.38,1.4922442,4.43,160.67,104.16,18140726600,1368000000,2.9516637,5.88,0.223,High,23
XLNX,"Xilinx Inc","Information Technology",62.82,27.19,2.0904882,2.32,77.26,54.99,17064975551,845468000,7.101206,7.22,0.266,Moderate,24
GPN,"Global Payments Inc.","Information Technology",100.59,27.86,0.037622273,1.58,113.26,76.47,16920023264,960345000,5.775833,4.73,0.17,Moderate,25
MSI,"Motorola Solutions Inc.","Information Technology",98.74,19.03,2.0266979,-1.08,107.78,77.23,16626039679,1629000000,2.6092634,6.81,0.358,High,26
KLAC,"KLA-Tencor Corp.","Information Technology",98.54,16.59,2.2988505,5.88,121.65,86.33,16078622033,1506642000,4.3395863,12.93,0.779,Moderate,27
TSS,"Total System Services","Information Technology",81.17,25.85,0.6091133,3.16,89.92,50.96,15694951118,1097534000,3.175548,6.57,0.254,High,28
NTAP,NetApp,"Information Technology",55.85,26.1,1.3881658,1.81,64.0599,37.43,15375210915,1075000000,3.6687026,5.46,0.209,Moderate,29
CTXS,"Citrix Systems","Information Technology",84.53,20.37,0,-0.24,95,73.3346,13199167493,810268000,4.7538714,6.73,0.33,Moderate,30
VRSN,"Verisign Inc.","Information Technology",105.62,29.5,0,3.43,118.28,81.17,10754983829,767864000,12.401829,10.82,0.367,Moderate,31
QRVO,Qorvo,"Information Technology",76.85,19.71,0,-0.13,85.24,62.68,9877885146,806875000,3.389142,1.98,0.1,High,32
FFIV,"F5 Networks","Information Technology",137.25,21.21,0,6.51,149.5,114.63,8744185796,629940000,4.1203604,6.86,0.323,High,33
FLIR,"FLIR Systems","Information Technology",46.46,25.53,1.2396694,1.21,52.88,33.75,6706992926,375267000,5.137961,3.52,0.138,Moderate,34
CSRA,"CSRA Inc.","Information Technology",30.85,15.12,1.275917,1.83,33.79,27.38,5134501276,543000000,1.3324839,11.37,0.752,High,35
MON,"Monsanto Co.",Materials,119.08,21.53,1.7938709,5.09,123.15,106.97,53076824328,4217000000,3.589782,7.96,0.37,High,1
PX,"Praxair Inc.",Materials,144.07,24.63,2.1998534,4.32,166.95,115.53,42948664203,3632000000,3.887915,6.88,0.279,Moderate,2
ECL,"Ecolab Inc.",Materials,127.76,28.08,1.2319711,4.14,140.5,119.61,38460272282,2848600000,3.7360687,5.28,0.188,High,3
SHW,Sherwin-Williams,Materials,387.65,26.75,0.8426688,18.61,435.15,302.0101,37730994828,2160668000,2.5276077,13.42,0.502,Moderate,4
APD,"Air Products & Chemicals Inc",Materials,152.8,24.22,2.7811136,13.66,175.17,133.6301,34638387128,2542500000,4.1163683,3.35,0.138,Moderate,5
PPG,"PPG Industries",Materials,110.3,18.73,1.5771489,6.31,122.0697,99.57,29043337549,2585000000,1.9551051,4.83,0.258,High,6
IP,"International Paper",Materials,56.05,15.57,3.206751,5.14,66.94,49.6,24465996443,3004000000,1.0738261,4.99,0.32,Moderate,7
NUE,"Nucor Corp.",Materials,60.38,17.01,2.415766,4.1,70.48,51.67,20003317128,2648729000,0.99837583,2.34,0.138,Moderate,8
NEM,"Newmont Mining Corporation",Materials,36.61,26.34,0.8101539,-1.18,42.04,31.42,19749449484,1509000000,3.7076392,1.81,0.069,Moderate,9
WRK,"WestRock Company",Materials,60.93,23.26,2.6699784,2.77,71.55,49.23,16433340688,2262300000,1.075785,1.58,0.068,Moderate,10
BLL,"Ball Corp",Materials,38.44,20.56,1.0170354,0.85,43.24,35.6,13767688518,1317000000,1.5696399,3.62,0.176,Low,11
ALB,"Albemarle Corp",Materials,105.18,26.03,1.2004126,5.66,144.99,90.35,11782151266,686030000,5.3666205,2.98,0.114,Moderate,12
IFF,"Intl Flavors & Fragrances",Materials,138,24.17,1.9341276,5.05,157.4,116.3,11270040447,699963000,4.4208813,6.34,0.262,Moderate,13
PKG,"Packaging Corporation of America",Materials,111.95,18.57,2.1514556,7.07,131.1316,88.47,11051273948,1214900000,1.741522,5.54,0.298,Moderate,14
AVY,"Avery Dennison Corp",Materials,110.77,22.11,1.5682175,3.11,123.67,78.471,10104814319,831200000,1.5206499,8.83,0.399,Moderate,15
MOS,"The Mosaic Company",Materials,24.13,23.66,0.3960396,0.85,34.36,19.23,9726962131,1165100000,1.8161958,0.94,0.04,Moderate,16
SEE,"Sealed Air",Materials,42.62,21.31,1.4427412,2.46,50.62,41.22,8001938397,969700000,2.4700067,10.55,0.495,Low,17
AMT,"American Tower Corp A","Real Estate",133.57,20.68,2,1.97,155.28,103.36,59213892640,3792383000,11.954137,9.22,0.446,Moderate,1
CCI,"Crown Castle International Corp.","Real Estate",103.81,21.45,3.862069,1.02,114.97,86.93,44183023189,2292600000,10.125291,3.54,0.165,High,2
EQIX,Equinix,"Real Estate",409.98,23.06,1.8775817,1.77,495.345,361.9,33333813618,1687152000,10.639136,5.14,0.223,Moderate,3
PSA,"Public Storage","Real Estate",180.49,18.21,4.316159,6.81,232.21,180.9254,32258539942,1924803000,16.16417,6.56,0.36,Low,4
PLD,Prologis,"Real Estate",58.33,20.76,2.931379,3.06,67.53,48.69,31953288000,2969194000,14.380373,2.11,0.102,Moderate,5
AVB,"AvalonBay Communities, Inc.","Real Estate",154.94,17.97,3.7149355,6.36,199.52,156.01,21856547430,1331579000,10.251216,2.12,0.118,Low,6
DLR,"Digital Realty Trust Inc","Real Estate",98.96,16.55,3.5710857,2.19,127.23,101.101,21400952517,1260662000,12.434961,2.32,0.14,Low,7
EQR,"Equity Residential","Real Estate",55.26,17.6,3.5437918,1.63,70.455,56.07,20925508143,1710686000,8.593619,2.09,0.119,Low,8
BXP,"Boston Properties","Real Estate",112.09,18.05,2.7744062,2.93,140.13,111.87,17799878487,1546846000,6.839459,3.15,0.175,Low,9
CBG,"CBRE Group","Real Estate",41.92,15.82,0,1.69,46.6,30.43,14440591731,1652961000,1.4622321,3.74,0.236,Moderate,10
ESS,"Essex Property Trust, Inc.","Real Estate",218.28,18.66,3.2138102,6.27,270.04,214.03,14383525286,1237886000,14.1830845,2.3,0.123,Low,11
O,"Realty Income Corporation","Real Estate",47.56,15.54,5.372036,1.12,63.6,48.89,13784942453,1075568000,15.588069,1.92,0.124,Low,12
EXR,"Extra Space Storage","Real Estate",77.56,18.12,3.879632,2.92,88.56,71.34,10133547517,717468000,12.204818,4.54,0.251,Low,13
REG,"Regency Centers Corporation","Real Estate",55.58,15.27,3.6850338,1.43,72.05,56.66,9858367494,487636000,13.762162,1.51,0.099,Low,14
IRM,"Iron Mountain Incorporated","Real Estate",32.07,15.42,7.08258,0.46,41.53,32.05,9410249279,1116140000,3.2898626,4.97,0.322,Low,15
UDR,"UDR Inc","Real Estate",32.92,17.79,3.668639,1.08,40.71,33.31,9050154422,665141000,12.365829,3.27,0.184,Low,16
DRE,"Duke Realty Corp","Real Estate",24.52,19.77,3.1533308,0.88,30.14,24.73,9035293365,529483000,16.077257,1.94,0.098,Low,17
FRT,"Federal Realty Investment Trust","Real Estate",108.11,18.35,3.5925992,3.5,143.79,109.74,8077368506,540767000,12.898601,3.98,0.217,Low,18
AIV,"Apartment Investment & Management","Real Estate",38.21,15.6,3.876562,1.95,46.855,38.85,6156884142,874871000,6.187621,4.69,0.301,Low,19
NEE,"NextEra Energy",Utilities,145.29,21.65,2.6537917,11.39,159.64,124.18,69661177770,9018000000,4.091698,2.75,0.127,High,1
DUK,"Duke Energy",Utilities,74.32,16.7,4.7849464,3.12,91.8,72.93,52078185682,9895000000,2.9348857,1.27,0.076,Low,2
D,"Dominion Energy",Utilities,73.31,20.42,4.5281997,4.91,85.3,71.59,47543571860,6428000000,3.7954214,2.96,0.145,Low,3
SO,"Southern Co.",Utilities,43.4,15.78,5.3530226,2.53,53.51,42.63,43497224128,6012000000,2.5080602,1.82,0.115,Low,4
AEP,"American Electric Power",Utilities,63.38,17.32,3.8479443,1.24,78.07,62.69,31701916517,4450800000,2.7489934,1.81,0.105,Low,5
SRE,"Sempra Energy",Utilities,103.36,19.14,3.1607263,5.45,122.975,100.63,26163862235,3763000000,3.15303,1.98,0.103,Low,6
PEG,"Public Serv. Enterprise Inc.",Utilities,46.73,16.11,3.60587,1.75,53.28,41.67,24138050331,3613000000,3.4491453,1.88,0.117,Moderate,7
ED,"Consolidated Edison",Utilities,74.73,18.64,3.8001595,4.1,89.7,72.63,23335777662,4288000000,2.960244,1.58,0.085,Low,8
XEL,"Xcel Energy Inc",Utilities,42.44,18.14,3.3914273,2.21,52.22,41.16,21559611927,3885828000,2.520456,1.94,0.107,Low,9
WEC,"Wec Energy Group Inc",Utilities,59.5,19.57,3.691948,3.79,70.09,56.63,18890296993,2736500000,2.4834197,2.1,0.107,Low,10
ES,"Eversource Energy",Utilities,56.11,18.22,3.3397784,2.96,66.15,55.2,18027633617,2738713000,3.1134193,1.68,0.092,Low,11
DTE,"DTE Energy Co.",Utilities,98.49,19.12,3.5559585,4.82,116.74,96.56,17808073691,2790000000,1.9091922,1.95,0.102,Low,12
AWK,"American Water Works Company Inc",Utilities,76.06,26.23,2.129297,2.63,92.37,71.89,13906146184,1711000000,5.553833,2.55,0.097,Low,13
AEE,"Ameren Corp",Utilities,52.59,20.38,3.4404964,2.68,64.89,51.81,12905744906,2298000000,2.693119,1.79,0.088,Low,14
CMS,"CMS Energy",Utilities,41.77,21.42,3.3918407,1.99,50.85,41.07,11873960824,2099000000,2.4711676,2.65,0.124,Low,15
CNP,"CenterPoint Energy",Utilities,25.85,19.73,4.2109256,1,30.45,25.51,11362043297,2337000000,1.6262617,3.21,0.163,Low,16
LNT,"Alliant Energy Corp",Utilities,37.14,19.86,3.5733333,1.65,45.55,36.84,8670163500,1168400000,3.4331481,2.13,0.107,Low,17
PNW,"Pinnacle West Capital",Utilities,74.34,16.06,3.698776,3.95,92.48,73.81,8397609889,1614399000,2.9931207,1.65,0.103,Low,18
NRG,"NRG Energy",Utilities,24,17.78,1.4195584,-2.23,29.78,14.52,8030036023,1774000000,0.9933021,6.73,0.379,Moderate,19
NI,"NiSource Inc.",Utilities,22.51,19.57,3.3780859,1.02,27.76,21.93,7776566371,1448600000,2.2361343,1.82,0.093,Low,20
